{
    "sampler": "rVFC",
    "nFrames": 181,
    "durationMs": 6000.100000023842,
    "fpsEst": 29.99950000821399,
    "ifi": {
        "meanMs": 33.334,
        "medianMs": 33.3,
        "stdMs": 1.177,
        "cv": 0.035304,
        "p90Ms": 34,
        "p99Ms": 36,
        "dropRate": 0,
        "acf": {
            "bestLag": 49,
            "bestCorr": 0.139701
        },
        "spectrum": {
            "peakFreqHz": 14.1795,
            "peakStrength": 0.029052
        }
    },
    "drift": {
        "meanMsPerFrame": 0.001,
        "medianMsPerFrame": -0.033,
        "stdMsPerFrame": 1.177,
        "p90MsPerFrame": 0.666
    },
    "raw": {
        "samples": [200714.69999998808, 200748.10000002384, 200781.40000003576, 200814.69999998808, 200848.10000002384],
        "ifiCount": 180
    }
}
